{
  "cli": {
    "version": ">= 5.0.0"
  },
  "build": {
    "development": {
      "developmentClient": true,
      "distribution": "internal",
      "ios": {
        "simulator": true
      },
      "android": {
        "buildType": "apk"
      }
    },
    "preview": {
      "distribution": "internal",
      "ios": {
        "simulator": false
      },
      "android": {
        "buildType": "apk"
      },
      "channel": "preview"
    },
    "production": {
      "ios": {
        "resourceClass": "m-medium"
      },
      "android": {
        "buildType": "app-bundle"
      },
      "channel": "production"
    }
  },
  "submit": {
    "production": {
      "ios": {
        "appleId": "your-apple-id@example.com",
        "ascAppId": "your-app-store-connect-app-id",
        "appleTeamId": "YOUR_TEAM_ID"
      },
      "android": {
        "serviceAccountKeyPath": "./google-service-account.json",
        "track": "internal"
      }
    }
  }
}
